rank,score,readiness,conversationName,conversationNameWordCount,sourcePageID,sourcePhraseID,sourceFamilyID,sourceType,entryPattern,vietnamese,english,scenarioID,phraseIDs,firstExchangePhraseID,avoidNewPhrases,audioState,note
1,152,ready-thread,Buy SIM,2,viet-family-airport-sim,airport-3,airport-sim,tier1,traveler-first,Mua SIM ở đâu?,Where can I buy a SIM card?,airport-border-arrival,airport-3|airport-1|airport-6|airport-2|airport-5|v500-airp-bord-arri-here-is-my-visa|v500-airp-bord-arri-where-is-the-atm|v500-airp-bord-arri-here-is-my-passport,airport-3,yes,manifest-ready,Enough existing phrase IDs for a short 4-5 turn conversation.
2,152,ready-thread,Check in,2,viet-family-hotel-check-in,hotel-2,hotel-check-in,tier1,traveler-first,Cho tôi nhận phòng,I’d like to check in,hotel-accommodation,hotel-2|hotel-check-in-polite|hotel-1|hotel-4|hotel-3|hotel-checkout|hotel-5|hotel-6|hotel-7|v500-hote-acco-the-door-does-not-lock,hotel-2,yes,manifest-ready,Enough existing phrase IDs for a short 4-5 turn conversation.
3,152,ready-thread,Check out,2,viet-family-hotel-checkout,hotel-checkout,hotel-checkout,tier1,traveler-first,Cho tôi trả phòng,I’d like to check out,hotel-accommodation,hotel-checkout|hotel-1|hotel-4|hotel-2|hotel-3|hotel-5|hotel-6|hotel-7|v500-hote-acco-the-door-does-not-lock,hotel-checkout,yes,manifest-ready,Enough existing phrase IDs for a short 4-5 turn conversation.
4,152,ready-thread,Check-out time,2,viet-family-hotel-checkout-time,hotel-3,hotel-checkout-time,tier1,traveler-first,Mấy giờ trả phòng?,What time is check-out?,hotel-accommodation,hotel-3|hotel-1|hotel-4|hotel-2|hotel-checkout|hotel-5|hotel-6|hotel-7|v500-hote-acco-the-door-does-not-lock,hotel-3,yes,manifest-ready,Enough existing phrase IDs for a short 4-5 turn conversation.
5,152,ready-thread,Door lock,2,viet-family-v500-hote-acco-the-door-does-not-lock,v500-hote-acco-the-door-does-not-lock,v500-hote-acco-the-door-does-not-lock,tier1,traveler-first,Cửa không khóa,The door does not lock,hotel-accommodation,v500-hote-acco-the-door-does-not-lock|hotel-1|hotel-checkout|hotel-2|hotel-3|hotel-4|hotel-5|hotel-6|hotel-7,v500-hote-acco-the-door-does-not-lock,yes,manifest-ready,Enough existing phrase IDs for a short 4-5 turn conversation.
6,152,ready-thread,Find ATM,2,viet-family-v500-airp-bord-arri-where-is-the-atm,v500-airp-bord-arri-where-is-the-atm,v500-airp-bord-arri-where-is-the-atm,tier1,traveler-first,ATM ở đâu?,Where is the ATM?,airport-border-arrival,v500-airp-bord-arri-where-is-the-atm|airport-1|airport-5|airport-2|airport-3|airport-6|v500-airp-bord-arri-here-is-my-visa|v500-airp-bord-arri-here-is-my-passport,v500-airp-bord-arri-where-is-the-atm,yes,manifest-ready,Enough existing phrase IDs for a short 4-5 turn conversation.
7,152,ready-thread,Find baggage,2,viet-family-airport-baggage,airport-2,airport-baggage,tier1,traveler-first,Lấy hành lý ở đâu?,Where is baggage claim?,airport-border-arrival,airport-2|airport-1|airport-6|airport-3|airport-5|v500-airp-bord-arri-here-is-my-visa|v500-airp-bord-arri-where-is-the-atm|v500-airp-bord-arri-here-is-my-passport,airport-2,yes,manifest-ready,Enough existing phrase IDs for a short 4-5 turn conversation.
8,152,ready-thread,Find immigration,2,viet-family-airport-immigration,airport-1,airport-immigration,tier1,traveler-first,Nhập cảnh ở đâu?,Where is immigration?,airport-border-arrival,airport-1|airport-2|airport-6|airport-3|airport-5|v500-airp-bord-arri-here-is-my-visa|v500-airp-bord-arri-where-is-the-atm|v500-airp-bord-arri-here-is-my-passport,airport-1,yes,manifest-ready,Enough existing phrase IDs for a short 4-5 turn conversation.
9,152,ready-thread,Find pickup,2,viet-family-airport-pickup,airport-5,airport-pickup,tier1,local-first,Khu đón ở đâu?,Where is the pickup area?,airport-border-arrival,airport-5|airport-pickup-clearer|airport-1|airport-6|airport-2|airport-3|v500-airp-bord-arri-here-is-my-visa|v500-airp-bord-arri-where-is-the-atm|v500-airp-bord-arri-here-is-my-passport,airport-5,yes,manifest-ready,Enough existing phrase IDs for a short 4-5 turn conversation.
10,152,ready-thread,First hello,2,viet-polite-hello,polite-1,polite-hello,tier1,traveler-first,Xin chào,Hello,polite-basics,polite-1|polite-2|polite-5|polite-7,polite-1,yes,manifest-ready,Enough existing phrase IDs for a short 4-5 turn conversation.
11,152,ready-thread,Fix AC,2,viet-family-hotel-aircon-broken,hotel-5,hotel-aircon-broken,tier1,traveler-first,Máy lạnh không chạy,The air conditioner isn’t working,hotel-accommodation,hotel-5|hotel-1|hotel-checkout|hotel-2|hotel-3|hotel-4|hotel-6|hotel-7|v500-hote-acco-the-door-does-not-lock,hotel-5,yes,manifest-ready,Enough existing phrase IDs for a short 4-5 turn conversation.
12,152,ready-thread,Hold bags,2,viet-family-hotel-luggage,hotel-7,hotel-luggage,tier1,traveler-first,Giữ hành lý giúp tôi,Please hold my luggage,hotel-accommodation,hotel-7|hotel-1|hotel-checkout|hotel-2|hotel-3|hotel-4|hotel-5|hotel-6|v500-hote-acco-the-door-does-not-lock,hotel-7,yes,manifest-ready,Enough existing phrase IDs for a short 4-5 turn conversation.
13,152,ready-thread,Hotel booking,2,viet-family-hotel-reservation,hotel-1,hotel-reservation,tier1,traveler-first,Tôi có đặt phòng,I have a reservation,hotel-accommodation,hotel-1|hotel-2|hotel-4|hotel-3|hotel-checkout|hotel-5|hotel-6|hotel-7|v500-hote-acco-the-door-does-not-lock,hotel-1,yes,manifest-ready,Enough existing phrase IDs for a short 4-5 turn conversation.
14,152,ready-thread,More towels,2,viet-family-hotel-more-supplies,hotel-6,hotel-more-supplies,tier1,traveler-first,Cho tôi thêm khăn,More towels please,hotel-accommodation,hotel-6|hotel-more-supplies-paper|hotel-1|hotel-checkout|hotel-2|hotel-3|hotel-4|hotel-5|hotel-7|v500-hote-acco-the-door-does-not-lock,hotel-6,yes,manifest-ready,Enough existing phrase IDs for a short 4-5 turn conversation.
15,152,ready-thread,Room hot,2,viet-family-hotel-room-hot,hotel-4,hotel-room-hot,tier1,traveler-first,Phòng này nóng quá,This room is too hot,hotel-accommodation,hotel-4|hotel-1|hotel-checkout|hotel-2|hotel-3|hotel-5|hotel-6|hotel-7|v500-hote-acco-the-door-does-not-lock,hotel-4,yes,manifest-ready,Enough existing phrase IDs for a short 4-5 turn conversation.
16,149,ready-thread,Ask fare,2,viet-family-transport-fare,transport-fare,transport-fare,tier1,local-first,Tiền xe bao nhiêu?,How much is the fare?,transport,transport-fare|taxi-1|taxi-4|taxi-2|taxi-3|taxi-5|taxi-6|taxi-7|transport-meter,transport-fare,yes,manifest-ready,Enough existing phrase IDs for a short 4-5 turn conversation.
17,149,ready-thread,District 1,2,viet-family-transport-main-destination,taxi-2,transport-main-destination,tier1,traveler-first,Đi quận 1,Go to District 1,transport,taxi-2|taxi-1|ves-call-taxi-for-me|taxi-3|taxi-4|v900-tran-please-take-me-to-this-address|directions-8|vpe-help-action-anh-chi-giup-toi-tim-diem-don-duoc-khong|ves-drop-me-off-here|vpe-help-action-anh-chi-giup-toi-doi-toi-mot-chut-duoc-khong,taxi-2,yes,manifest-ready,Enough existing phrase IDs for a short 4-5 turn conversation.
18,149,ready-thread,Pay cash,2,viet-family-transport-cash,taxi-7,transport-cash,tier1,traveler-first,Tôi trả bằng tiền mặt,I’ll pay cash,transport,taxi-7|taxi-1|ves-call-taxi-for-me|taxi-2|taxi-3|v900-tran-please-take-me-to-this-address|directions-8|vpe-help-action-anh-chi-giup-toi-tim-diem-don-duoc-khong|ves-drop-me-off-here|vpe-help-action-anh-chi-giup-toi-doi-toi-mot-chut-duoc-khong,taxi-7,yes,manifest-ready,Enough existing phrase IDs for a short 4-5 turn conversation.
19,149,ready-thread,Show address,2,viet-family-transport-destination,taxi-1,transport-destination,tier1,local-first,Cho tôi tới đây,Take me here,transport,taxi-1|taxi-2|ves-call-taxi-for-me|taxi-3|taxi-4|v900-tran-please-take-me-to-this-address|directions-8|vpe-help-action-anh-chi-giup-toi-tim-diem-don-duoc-khong|ves-drop-me-off-here|vpe-help-action-anh-chi-giup-toi-doi-toi-mot-chut-duoc-khong,taxi-1,yes,manifest-ready,Enough existing phrase IDs for a short 4-5 turn conversation.
20,149,ready-thread,Stop here,2,viet-family-transport-stop-here,taxi-3,transport-stop-here,tier1,traveler-first,Dừng ở đây được rồi,You can stop here,transport,taxi-3|transport-stop-here-clearer|taxi-1|ves-call-taxi-for-me|taxi-2|taxi-4|v900-tran-please-take-me-to-this-address|directions-8|vpe-help-action-anh-chi-giup-toi-tim-diem-don-duoc-khong|ves-drop-me-off-here,taxi-3,yes,manifest-ready,Enough existing phrase IDs for a short 4-5 turn conversation.
21,149,ready-thread,Take route,2,viet-family-transport-route,taxi-4,transport-route,tier1,traveler-first,Đi đường này đi,Go this way,transport,taxi-4|taxi-1|ves-call-taxi-for-me|taxi-2|taxi-3|v900-tran-please-take-me-to-this-address|directions-8|vpe-help-action-anh-chi-giup-toi-tim-diem-don-duoc-khong|ves-drop-me-off-here|vpe-help-action-anh-chi-giup-toi-doi-toi-mot-chut-duoc-khong,taxi-4,yes,manifest-ready,Enough existing phrase IDs for a short 4-5 turn conversation.
22,149,ready-thread,Turn AC,2,viet-family-transport-aircon,taxi-5,transport-aircon,tier1,traveler-first,Mở máy lạnh giúp tôi,Please turn on the air conditioning,transport,taxi-5|taxi-1|ves-call-taxi-for-me|taxi-2|taxi-3|v900-tran-please-take-me-to-this-address|directions-8|vpe-help-action-anh-chi-giup-toi-tim-diem-don-duoc-khong|ves-drop-me-off-here|vpe-help-action-anh-chi-giup-toi-doi-toi-mot-chut-duoc-khong,taxi-5,yes,manifest-ready,Enough existing phrase IDs for a short 4-5 turn conversation.
23,149,ready-thread,Wait please,2,viet-family-transport-wait,taxi-6,transport-wait,tier1,traveler-first,Chờ tôi năm phút,Wait for me five minutes,transport,taxi-6|taxi-1|ves-call-taxi-for-me|taxi-2|taxi-3|v900-tran-please-take-me-to-this-address|directions-8|vpe-help-action-anh-chi-giup-toi-tim-diem-don-duoc-khong|ves-drop-me-off-here|vpe-help-action-anh-chi-giup-toi-doi-toi-mot-chut-duoc-khong,taxi-6,yes,manifest-ready,Enough existing phrase IDs for a short 4-5 turn conversation.
24,148,ready-thread,Find bathroom,2,viet-family-bathroom-where,bath-1,bathroom-where,tier1,traveler-first,Nhà vệ sinh ở đâu?,Where is the bathroom?,bathroom-personal-needs,bath-1|bath-2|bath-4|bathroom-use|bath-3|bath-5,bath-1,yes,manifest-ready,Enough existing phrase IDs for a short 4-5 turn conversation.
25,148,ready-thread,Find soap,2,viet-family-bathroom-soap,bath-3,bathroom-soap,tier1,traveler-first,Có xà phòng không?,Do you have soap?,bathroom-personal-needs,bath-3|bath-1|bath-4|bath-2|bathroom-use|bath-5,bath-3,yes,manifest-ready,Enough existing phrase IDs for a short 4-5 turn conversation.
26,148,ready-thread,Missing bag,2,viet-family-airport-bag-missing,airport-6,airport-bag-missing,tier1,traveler-first,Hành lý của tôi chưa tới,My bag did not arrive,airport-border-arrival,airport-6|airport-1|airport-5|airport-2|airport-3|v500-airp-bord-arri-here-is-my-visa|v500-airp-bord-arri-where-is-the-atm|v500-airp-bord-arri-here-is-my-passport,airport-6,yes,manifest-ready,Enough existing phrase IDs for a short 4-5 turn conversation.
27,148,ready-thread,Need water,2,viet-family-bathroom-water,bath-5,bathroom-water,tier1,traveler-first,Tôi cần nước,I need water,bathroom-personal-needs,bath-5|bath-1|bath-3|bath-2|bathroom-use|bath-4,bath-5,yes,manifest-ready,Enough existing phrase IDs for a short 4-5 turn conversation.
28,148,ready-thread,Show passport,2,viet-family-v500-airp-bord-arri-here-is-my-passport,v500-airp-bord-arri-here-is-my-passport,v500-airp-bord-arri-here-is-my-passport,tier1,traveler-first,Đây là hộ chiếu của tôi,Here is my passport,airport-border-arrival,v500-airp-bord-arri-here-is-my-passport|airport-1|airport-5|airport-2|airport-3|airport-6|v500-airp-bord-arri-here-is-my-visa|v500-airp-bord-arri-where-is-the-atm,v500-airp-bord-arri-here-is-my-passport,yes,manifest-ready,Enough existing phrase IDs for a short 4-5 turn conversation.
29,148,ready-thread,Show visa,2,viet-family-v500-airp-bord-arri-here-is-my-visa,v500-airp-bord-arri-here-is-my-visa,v500-airp-bord-arri-here-is-my-visa,tier1,traveler-first,Đây là thị thực của tôi,Here is my visa,airport-border-arrival,v500-airp-bord-arri-here-is-my-visa|airport-1|airport-5|airport-2|airport-3|airport-6|v500-airp-bord-arri-where-is-the-atm|v500-airp-bord-arri-here-is-my-passport,v500-airp-bord-arri-here-is-my-visa,yes,manifest-ready,Enough existing phrase IDs for a short 4-5 turn conversation.
30,148,ready-thread,Toilet paper,2,viet-family-bathroom-paper,bath-2,bathroom-paper,tier1,traveler-first,Có giấy vệ sinh không?,Do you have toilet paper?,bathroom-personal-needs,bath-2|bath-1|bath-4|bathroom-use|bath-3|bath-5,bath-2,yes,manifest-ready,Enough existing phrase IDs for a short 4-5 turn conversation.
31,145,ready-thread,Lost route,2,viet-family-transport-lost,transport-lost,transport-lost,tier1,traveler-first,Tôi nghĩ chúng ta bị lạc rồi,I think we are lost,transport,transport-lost|taxi-1|taxi-4|taxi-2|taxi-3|taxi-5|taxi-6|taxi-7|transport-fare,transport-lost,yes,manifest-ready,Enough existing phrase IDs for a short 4-5 turn conversation.
32,145,ready-thread,Use meter,2,viet-family-transport-meter,transport-meter,transport-meter,tier1,traveler-first,Làm ơn bật đồng hồ giúp tôi,Please use the meter,transport,transport-meter|taxi-1|taxi-4|taxi-2|taxi-3|taxi-5|taxi-6|taxi-7|transport-fare,transport-meter,yes,manifest-ready,Enough existing phrase IDs for a short 4-5 turn conversation.
33,144,ready-thread,Feel dizzy,2,viet-family-v500-heal-phar-i-feel-dizzy,v500-heal-phar-i-feel-dizzy,v500-heal-phar-i-feel-dizzy,tier1,traveler-first,Tôi cảm thấy chóng mặt,I feel dizzy,health-pharmacy,v500-heal-phar-i-feel-dizzy|problems-6|health-3|health-pharmacy-clearer|health-2|health-4|health-5|health-6,v500-heal-phar-i-feel-dizzy,yes,manifest-ready,Enough existing phrase IDs for a short 4-5 turn conversation.
34,144,ready-thread,Find bathroom,2,viet-family-bathroom-use,bathroom-use,bathroom-use,tier1,traveler-first,Tôi dùng nhà vệ sinh được không?,Can I use the bathroom?,bathroom-personal-needs,bathroom-use|bath-1|bath-4|bath-2|bath-3|bath-5,bathroom-use,yes,manifest-ready,Enough existing phrase IDs for a short 4-5 turn conversation.
35,144,ready-thread,Find doctor,2,viet-family-health-doctor,problems-6,health-doctor,tier1,traveler-first,Tôi cần bác sĩ,I need a doctor,health-pharmacy,problems-6|health-pharmacy-clearer|health-4|health-2|health-3|health-5|health-6|v500-heal-phar-i-feel-dizzy,problems-6,yes,manifest-ready,Enough existing phrase IDs for a short 4-5 turn conversation.
36,144,ready-thread,Fix AC,2,viet-family-health-headache,health-2,health-headache,tier1,traveler-first,Tôi bị đau đầu,I have a headache,health-pharmacy,health-2|problems-6|health-4|health-pharmacy-clearer|health-3|health-5|health-6|v500-heal-phar-i-feel-dizzy,health-2,yes,manifest-ready,Enough existing phrase IDs for a short 4-5 turn conversation.
37,144,ready-thread,Injured,1,viet-family-health-stomach,health-3,health-stomach,tier1,traveler-first,Tôi đau bụng,My stomach hurts,health-pharmacy,health-3|problems-6|health-4|health-pharmacy-clearer|health-2|health-5|health-6|v500-heal-phar-i-feel-dizzy,health-3,yes,manifest-ready,Enough existing phrase IDs for a short 4-5 turn conversation.
38,144,ready-thread,Something diarrhea,2,viet-family-health-diarrhea,health-6,health-diarrhea,tier1,traveler-first,Tôi cần thuốc tiêu chảy,I need something for diarrhea,health-pharmacy,health-6|problems-6|health-3|health-pharmacy-clearer|health-2|health-4|health-5|v500-heal-phar-i-feel-dizzy,health-6,yes,manifest-ready,Enough existing phrase IDs for a short 4-5 turn conversation.
39,144,ready-thread,Wash hands here?,3,viet-family-bathroom-wash-hands,bath-4,bathroom-wash-hands,tier1,traveler-first,Tôi rửa tay ở đây được không?,Can I wash my hands here?,bathroom-personal-needs,bath-4|bath-1|bath-3|bath-2|bathroom-use|bath-5,bath-4,yes,manifest-ready,Enough existing phrase IDs for a short 4-5 turn conversation.
40,144,ready-thread,You motion sickness,3,viet-family-health-motion-sickness,health-4,health-motion-sickness,tier1,traveler-first,Có thuốc say xe không?,Do you have motion sickness medicine?,health-pharmacy,health-4|problems-6|health-3|health-pharmacy-clearer|health-2|health-5|health-6|v500-heal-phar-i-feel-dizzy,health-4,yes,manifest-ready,Enough existing phrase IDs for a short 4-5 turn conversation.
41,142,ready-thread,Call ambulance,2,viet-family-emergency-ambulance,emergency-2,emergency-ambulance,tier1,traveler-first,Gọi xe cứu thương,Call an ambulance,emergency-safety,emergency-2|emergency-1|emergency-emergency|emergency-3|emergency-4|emergency-hospital|v500-emer-safe-i-am-injured|v500-emer-safe-i-cannot-move|v500-emer-safe-do-not-touch-me,emergency-2,yes,manifest-ready,Enough existing phrase IDs for a short 4-5 turn conversation.
42,142,ready-thread,Call police,2,viet-family-emergency-police,emergency-1,emergency-police,tier1,traveler-first,Gọi công an,Call the police,emergency-safety,emergency-1|emergency-2|emergency-emergency|emergency-3|emergency-4|emergency-hospital|v500-emer-safe-i-am-injured|v500-emer-safe-i-cannot-move|v500-emer-safe-do-not-touch-me,emergency-1,yes,manifest-ready,Enough existing phrase IDs for a short 4-5 turn conversation.
43,142,ready-thread,Cannot move,2,viet-family-v500-emer-safe-i-cannot-move,v500-emer-safe-i-cannot-move,v500-emer-safe-i-cannot-move,tier1,traveler-first,Tôi không thể di chuyển,I cannot move,emergency-safety,v500-emer-safe-i-cannot-move|emergency-1|emergency-4|emergency-2|emergency-3|emergency-emergency|emergency-hospital|v500-emer-safe-i-am-injured|v500-emer-safe-do-not-touch-me,v500-emer-safe-i-cannot-move,yes,manifest-ready,Enough existing phrase IDs for a short 4-5 turn conversation.
44,142,ready-thread,Injured,1,viet-family-v500-emer-safe-i-am-injured,v500-emer-safe-i-am-injured,v500-emer-safe-i-am-injured,tier1,traveler-first,tôi bị thương,I am injured,emergency-safety,v500-emer-safe-i-am-injured|emergency-1|emergency-4|emergency-2|emergency-3|emergency-emergency|emergency-hospital|v500-emer-safe-i-cannot-move|v500-emer-safe-do-not-touch-me,v500-emer-safe-i-am-injured,yes,manifest-ready,Enough existing phrase IDs for a short 4-5 turn conversation.
45,142,ready-thread,Lost passport,2,viet-family-emergency-passport,emergency-3,emergency-passport,tier1,traveler-first,Tôi mất hộ chiếu,I lost my passport,emergency-safety,emergency-3|emergency-1|emergency-emergency|emergency-2|emergency-4|emergency-hospital|v500-emer-safe-i-am-injured|v500-emer-safe-i-cannot-move|v500-emer-safe-do-not-touch-me,emergency-3,yes,manifest-ready,Enough existing phrase IDs for a short 4-5 turn conversation.
46,142,ready-thread,Touch,1,viet-family-v500-emer-safe-do-not-touch-me,v500-emer-safe-do-not-touch-me,v500-emer-safe-do-not-touch-me,tier1,traveler-first,Đừng chạm vào tôi,Do not touch me,emergency-safety,v500-emer-safe-do-not-touch-me|emergency-1|emergency-4|emergency-2|emergency-3|emergency-emergency|emergency-hospital|v500-emer-safe-i-am-injured|v500-emer-safe-i-cannot-move,v500-emer-safe-do-not-touch-me,yes,manifest-ready,Enough existing phrase IDs for a short 4-5 turn conversation.
47,140,ready-thread,Allergic,1,viet-family-health-allergy,health-5,health-allergy,tier1,traveler-first,Tôi bị dị ứng cái này,I am allergic to this,health-pharmacy,health-5|problems-6|health-3|health-pharmacy-clearer|health-2|health-4|health-6|v500-heal-phar-i-feel-dizzy,health-5,yes,manifest-ready,Enough existing phrase IDs for a short 4-5 turn conversation.
48,140,ready-thread,Find pharmacy,2,viet-family-health-pharmacy,health-pharmacy-clearer,health-pharmacy,tier1,traveler-first,Nhà thuốc gần nhất ở đâu?,Where is the nearest pharmacy?,health-pharmacy,health-pharmacy-clearer|health-1|problems-6|health-4|health-2|health-3|health-5|health-6|v500-heal-phar-i-feel-dizzy,health-pharmacy-clearer,yes,manifest-ready,Enough existing phrase IDs for a short 4-5 turn conversation.
49,138,ready-thread,Emergency,1,viet-family-emergency-emergency,emergency-emergency,emergency-emergency,tier1,traveler-first,Đây là trường hợp khẩn cấp,This is an emergency,emergency-safety,emergency-emergency|emergency-5|emergency-1|emergency-4|emergency-2|emergency-3|emergency-hospital|v500-emer-safe-i-am-injured|v500-emer-safe-i-cannot-move|v500-emer-safe-do-not-touch-me,emergency-emergency,yes,manifest-ready,Enough existing phrase IDs for a short 4-5 turn conversation.
50,138,ready-thread,Feel unsafe,2,viet-family-emergency-not-safe,emergency-4,emergency-not-safe,tier1,traveler-first,Tôi cảm thấy không an toàn,I feel unsafe,emergency-safety,emergency-4|emergency-1|emergency-emergency|emergency-2|emergency-3|emergency-hospital|v500-emer-safe-i-am-injured|v500-emer-safe-i-cannot-move|v500-emer-safe-do-not-touch-me,emergency-4,yes,manifest-ready,Enough existing phrase IDs for a short 4-5 turn conversation.
51,138,ready-thread,Find nearest hospital,3,viet-family-emergency-hospital,emergency-hospital,emergency-hospital,tier1,traveler-first,Bệnh viện gần nhất ở đâu?,Where is the nearest hospital?,emergency-safety,emergency-hospital|emergency-1|emergency-4|emergency-2|emergency-3|emergency-emergency|v500-emer-safe-i-am-injured|v500-emer-safe-i-cannot-move|v500-emer-safe-do-not-touch-me,emergency-hospital,yes,manifest-ready,Enough existing phrase IDs for a short 4-5 turn conversation.
52,136,ready-thread,Ask color,2,viet-family-shopping-color,shop-2,shopping-color,tier1,traveler-first,Có màu khác không?,Do you have another color?,shopping,shop-2|shop-1|shop-5|shop-3|shop-4|v500-shop-how-much-is-this-item|v500-shop-can-you-lower-the-price,shop-2,yes,manifest-ready,Enough existing phrase IDs for a short 4-5 turn conversation.
53,136,ready-thread,Ask size,2,viet-family-shopping-size,shop-1,shopping-size,tier1,traveler-first,Tôi muốn cỡ này,I want this size,shopping,shop-1|shop-2|shop-5|shop-3|shop-4|v500-shop-how-much-is-this-item|v500-shop-can-you-lower-the-price,shop-1,yes,manifest-ready,Enough existing phrase IDs for a short 4-5 turn conversation.
54,136,ready-thread,Excuse me,2,viet-excuse-sorry,polite-5,polite-excuse-me,tier1,traveler-first,Xin lỗi,Excuse me / sorry,polite-basics,polite-5|polite-1|hello-da-chao-anh-chi|polite-2|polite-3|hello-alo|hello-good-morning|hello-good-afternoon|hello-chao-anh|hello-chao-chi,polite-5,yes,manifest-ready,Enough existing phrase IDs for a short 4-5 turn conversation.
55,136,ready-thread,Find pay,2,viet-family-shopping-pay-where,shop-5,shopping-pay-where,tier1,traveler-first,Trả ở đâu?,Where do I pay?,shopping,shop-5|shop-1|shop-4|shop-2|shop-3|v500-shop-how-much-is-this-item|v500-shop-can-you-lower-the-price,shop-5,yes,manifest-ready,Enough existing phrase IDs for a short 4-5 turn conversation.
56,136,ready-thread,Its okay,2,viet-family-polite-its-okay,polite-6,polite-its-okay,tier1,traveler-first,Không sao đâu,It’s okay,polite-basics,polite-6|polite-1|hello-da-chao-anh-chi|polite-2|polite-3|hello-alo|hello-good-morning|hello-good-afternoon|hello-chao-anh|hello-chao-chi,polite-6,yes,manifest-ready,Enough existing phrase IDs for a short 4-5 turn conversation.
57,136,ready-thread,Just looking,2,viet-family-shopping-just-looking,shop-4,shopping-just-looking,tier1,traveler-first,Tôi chỉ xem thôi,I’m just looking,shopping,shop-4|shop-1|shop-5|shop-2|shop-3|v500-shop-how-much-is-this-item|v500-shop-can-you-lower-the-price,shop-4,yes,manifest-ready,Enough existing phrase IDs for a short 4-5 turn conversation.
58,136,ready-thread,Say goodbye,2,viet-goodbye,polite-7,polite-goodbye,tier1,traveler-first,Tạm biệt,Goodbye,polite-basics,polite-7|polite-1|hello-da-chao-anh-chi|polite-2|polite-3|hello-alo|hello-good-morning|hello-good-afternoon|hello-chao-anh|hello-chao-chi,polite-7,yes,manifest-ready,Enough existing phrase IDs for a short 4-5 turn conversation.
59,136,ready-thread,Say thanks,2,viet-thank-you,polite-2,polite-thank-you,tier1,traveler-first,Cảm ơn,Thank you,polite-basics,polite-2|polite-thank-you-polite|polite-1|hello-da-chao-anh-chi|polite-3|polite-4|hello-alo|hello-good-morning|hello-good-afternoon|hello-chao-anh,polite-2,yes,manifest-ready,Enough existing phrase IDs for a short 4-5 turn conversation.
60,136,ready-thread,You lower price?,3,viet-family-v500-shop-can-you-lower-the-price,v500-shop-can-you-lower-the-price,v500-shop-can-you-lower-the-price,tier1,traveler-first,Giảm giá chút được không?,Can you lower the price?,shopping,v500-shop-can-you-lower-the-price|shop-1|shop-4|shop-2|shop-3|shop-5|v500-shop-how-much-is-this-item,v500-shop-can-you-lower-the-price,yes,manifest-ready,Enough existing phrase IDs for a short 4-5 turn conversation.
61,134,ready-thread,Need clarity,2,viet-family-repair-understand,problems-2,repair-understand,tier1,traveler-first,Tôi không hiểu,I don’t understand,understanding-repair,problems-2|problems-3|repair-3|repair-1|repair-2|repair-6|repair-english-help|v500-unde-repa-please-say-it-slowly,problems-2,yes,manifest-ready,Enough existing phrase IDs for a short 4-5 turn conversation.
62,134,ready-thread,Say again,2,viet-family-repair-repeat,repair-1,repair-repeat,tier1,traveler-first,Làm ơn nói lại,Please say that again,understanding-repair,repair-1|problems-2|repair-3|problems-3|repair-2|repair-6|repair-english-help|v500-unde-repa-please-say-it-slowly,repair-1,yes,manifest-ready,Enough existing phrase IDs for a short 4-5 turn conversation.
63,134,ready-thread,Say slowly,2,viet-family-v500-unde-repa-please-say-it-slowly,v500-unde-repa-please-say-it-slowly,v500-unde-repa-please-say-it-slowly,tier1,traveler-first,Hãy nói từ từ nhé,Please say it slowly,understanding-repair,v500-unde-repa-please-say-it-slowly|problems-2|repair-2|problems-3|repair-1|repair-3|repair-6|repair-english-help,v500-unde-repa-please-say-it-slowly,yes,manifest-ready,Enough existing phrase IDs for a short 4-5 turn conversation.
64,134,ready-thread,Speak slower,2,viet-family-repair-slower,problems-3,repair-slower,tier1,traveler-first,Nói chậm chút được không?,Can you speak a little slower?,understanding-repair,problems-3|repair-slower-polite|problems-2|repair-3|repair-1|repair-2|repair-6|repair-english-help|v500-unde-repa-please-say-it-slowly,problems-3,yes,manifest-ready,Enough existing phrase IDs for a short 4-5 turn conversation.
65,134,ready-thread,What means?,2,viet-family-repair-meaning,repair-3,repair-meaning,tier1,traveler-first,Cái đó nghĩa là gì?,What does that mean?,understanding-repair,repair-3|problems-2|repair-2|problems-3|repair-1|repair-6|repair-english-help|v500-unde-repa-please-say-it-slowly,repair-3,yes,manifest-ready,Enough existing phrase IDs for a short 4-5 turn conversation.
66,134,ready-thread,Write it,2,viet-family-repair-write-down,repair-2,repair-write-down,tier1,local-first,Viết xuống giúp tôi,Please write it down,understanding-repair,repair-2|problems-2|repair-3|problems-3|repair-1|repair-6|repair-english-help|v500-unde-repa-please-say-it-slowly,repair-2,yes,manifest-ready,Enough existing phrase IDs for a short 4-5 turn conversation.
67,132,ready-thread,Much item?,2,viet-family-v500-shop-how-much-is-this-item,v500-shop-how-much-is-this-item,v500-shop-how-much-is-this-item,tier1,traveler-first,Mặt hàng này giá bao nhiêu?,How much is this item?,shopping,v500-shop-how-much-is-this-item|shop-1|shop-4|shop-2|shop-3|shop-5|v500-shop-can-you-lower-the-price,v500-shop-how-much-is-this-item,yes,manifest-ready,Enough existing phrase IDs for a short 4-5 turn conversation.
68,132,ready-thread,Try on,2,viet-family-shopping-try-on,shop-3,shopping-try-on,tier1,traveler-first,Tôi thử cái này được không?,Can I try this on?,shopping,shop-3|shop-1|shop-5|shop-2|shop-4|v500-shop-how-much-is-this-item|v500-shop-can-you-lower-the-price,shop-3,yes,manifest-ready,Enough existing phrase IDs for a short 4-5 turn conversation.
69,130,ready-thread,Buy water,2,viet-family-food-bottled-water,food-5,food-bottled-water,tier1,traveler-first,Có nước suối không?,Do you have bottled water?,food-drink,food-5|coffee-1|food-1|coffee-2|coffee-3|food-2|food-3|food-4|food-6|food-7,food-5,yes,manifest-ready,Enough existing phrase IDs for a short 4-5 turn conversation.
70,130,ready-thread,Fix AC,2,viet-family-food-coffee-bac-xiu,coffee-3,food-coffee-bac-xiu,tier1,traveler-first,Cho tôi bạc xỉu đá,I’d like an iced bạc xỉu,food-drink,coffee-3|coffee-1|food-2|coffee-2|coffee-4|food-3|food-4|food-5|food-6|food-7,coffee-3,yes,manifest-ready,Enough existing phrase IDs for a short 4-5 turn conversation.
71,130,ready-thread,Fix AC,2,viet-family-food-pack-to-go,food-7,food-pack-to-go,tier1,traveler-first,Gói mang về,Pack it to go,food-drink,food-7|coffee-1|food-1|coffee-2|coffee-3|food-2|food-3|food-4|food-5|food-6,food-7,yes,manifest-ready,Enough existing phrase IDs for a short 4-5 turn conversation.
72,130,ready-thread,Go,1,viet-family-food-to-go,coffee-6,food-to-go,tier1,traveler-first,Mang đi,To go,food-drink,coffee-6|coffee-1|food-2|coffee-2|coffee-3|food-3|food-4|food-5|food-6|food-7,coffee-6,yes,manifest-ready,Enough existing phrase IDs for a short 4-5 turn conversation.
73,130,ready-thread,Just little ice,3,viet-family-food-less-ice,coffee-4,food-less-ice,tier1,traveler-first,Ít đá thôi,Just a little ice,food-drink,coffee-4|coffee-1|food-2|coffee-2|coffee-3|food-3|food-4|food-5|food-6|food-7,coffee-4,yes,manifest-ready,Enough existing phrase IDs for a short 4-5 turn conversation.
74,130,ready-thread,More herbs,2,viet-family-food-more-herbs,food-4,food-more-herbs,tier1,traveler-first,Cho thêm rau,More herbs please,food-drink,food-4|coffee-1|food-1|coffee-2|coffee-3|food-2|food-3|food-5|food-6|food-7,food-4,yes,manifest-ready,Enough existing phrase IDs for a short 4-5 turn conversation.
75,130,ready-thread,No sugar,2,viet-family-food-no-sugar,coffee-5,food-no-sugar,tier1,traveler-first,Không đường nhé,No sugar please,food-drink,coffee-5|coffee-1|food-2|coffee-2|coffee-3|food-3|food-4|food-5|food-6|food-7,coffee-5,yes,manifest-ready,Enough existing phrase IDs for a short 4-5 turn conversation.
76,130,ready-thread,Not spicy,2,viet-family-food-not-spicy,food-3,food-not-spicy,tier1,traveler-first,Không cay nhé,Not spicy please,food-drink,food-3|food-not-spicy-clearer|coffee-1|food-1|coffee-2|coffee-3|food-2|food-4|food-5|food-6,food-3,yes,manifest-ready,Enough existing phrase IDs for a short 4-5 turn conversation.
77,130,ready-thread,Order food,2,viet-family-food-one-portion,food-1,food-one-portion,tier1,traveler-first,Cho tôi một phần,One portion please,food-drink,food-1|coffee-1|food-2|coffee-2|coffee-3|food-3|food-4|food-5|food-6|food-7,food-1,yes,manifest-ready,Enough existing phrase IDs for a short 4-5 turn conversation.
78,130,ready-thread,Pay bill,2,viet-family-food-pay-now,coffee-7,food-pay-now,tier1,traveler-first,Tính tiền giúp tôi,Please let me pay,food-drink,coffee-7|coffee-1|food-2|coffee-2|coffee-3|food-3|food-4|food-5|food-6|food-7,coffee-7,yes,manifest-ready,Enough existing phrase IDs for a short 4-5 turn conversation.
79,130,ready-thread,Say number again,3,viet-family-repair-number,repair-6,repair-number,tier1,traveler-first,Làm ơn nói lại số đó,Please say the number again,understanding-repair,repair-6|repair-number-amount|problems-2|repair-2|problems-3|repair-1|repair-3|repair-english-help|v500-unde-repa-please-say-it-slowly,repair-6,yes,manifest-ready,Enough existing phrase IDs for a short 4-5 turn conversation.
80,130,ready-thread,Spoon and chopsticks,3,viet-family-food-utensils,food-6,food-utensils,tier1,traveler-first,Cho tôi muỗng với đũa,A spoon and chopsticks please,food-drink,food-6|coffee-1|food-1|coffee-2|coffee-3|food-2|food-3|food-4|food-5|food-7,food-6,yes,manifest-ready,Enough existing phrase IDs for a short 4-5 turn conversation.
81,130,ready-thread,Take bowl,2,viet-family-food-this-bowl,food-2,food-this-bowl,tier1,traveler-first,Cho tôi tô này,I’ll take this bowl,food-drink,food-2|coffee-1|food-1|coffee-2|coffee-3|food-3|food-4|food-5|food-6|food-7,food-2,yes,manifest-ready,Enough existing phrase IDs for a short 4-5 turn conversation.
82,130,ready-thread,Vegetarian,1,viet-family-food-vegetarian,food-vegetarian,food-vegetarian,tier1,traveler-first,Tôi ăn chay,I am vegetarian,food-drink,food-vegetarian|coffee-1|food-1|coffee-2|coffee-3|food-2|food-3|food-4|food-5|food-6,food-vegetarian,yes,manifest-ready,Enough existing phrase IDs for a short 4-5 turn conversation.
83,130,ready-thread,You speak English?,3,viet-family-repair-english-help,repair-english-help,repair-english-help,tier1,traveler-first,Anh/chị nói tiếng Anh không?,Do you speak English?,understanding-repair,repair-english-help|repair-english-help-self-limit|problems-2|repair-2|problems-3|repair-1|repair-3|repair-6|v500-unde-repa-please-say-it-slowly,repair-english-help,yes,manifest-ready,Enough existing phrase IDs for a short 4-5 turn conversation.
84,128,ready-thread,Buy SIM,2,viet-family-phone-sim,phone-2,phone-sim,tier1,local-first,Có bán SIM không?,Do you sell SIM cards?,phone-internet-power,phone-2|phone-1|phone-5|phone-3|phone-4|v500-phon-inte-powe-my-map-is-not-working|v500-phon-inte-powe-where-can-i-get-a-local-sim-card|v500-phon-inte-powe-i-need-an-esim,phone-2,yes,manifest-ready,Enough existing phrase IDs for a short 4-5 turn conversation.
85,128,ready-thread,Buy SIM,2,viet-family-v500-phon-inte-powe-i-need-an-esim,v500-phon-inte-powe-i-need-an-esim,v500-phon-inte-powe-i-need-an-esim,tier1,traveler-first,Tôi cần một eSIM,I need an eSIM,phone-internet-power,v500-phon-inte-powe-i-need-an-esim|phone-1|phone-4|phone-2|phone-3|phone-5|v500-phon-inte-powe-my-map-is-not-working|v500-phon-inte-powe-where-can-i-get-a-local-sim-card,v500-phon-inte-powe-i-need-an-esim,yes,manifest-ready,Enough existing phrase IDs for a short 4-5 turn conversation.
86,128,ready-thread,You charger?,2,viet-family-phone-charger,phone-4,phone-charger,tier1,traveler-first,Có sạc không?,Do you have a charger?,phone-internet-power,phone-4|phone-1|phone-5|phone-2|phone-3|v500-phon-inte-powe-my-map-is-not-working|v500-phon-inte-powe-where-can-i-get-a-local-sim-card|v500-phon-inte-powe-i-need-an-esim,phone-4,yes,manifest-ready,Enough existing phrase IDs for a short 4-5 turn conversation.
87,126,ready-thread,Ask menu,2,viet-family-food-menu,food-menu,food-menu,tier1,traveler-first,Cho tôi xem thực đơn được không?,Can I see the menu?,food-drink,food-menu|coffee-1|food-2|coffee-2|coffee-3|food-3|food-4|food-5|food-6|food-7,food-menu,yes,manifest-ready,Enough existing phrase IDs for a short 4-5 turn conversation.
88,126,ready-thread,Ask price,2,viet-family-money-how-much,price-1,money-how-much,tier1,local-first,Cái này bao nhiêu?,How much is this?,money-numbers-prices,price-1|money-how-much-common|price-2|price-5|price-3|price-4|price-6|price-7|airport-4|v500-mone-numb-pric-the-atm-kept-my-card,price-1,yes,manifest-ready,Enough existing phrase IDs for a short 4-5 turn conversation.
89,126,ready-thread,Call hotel,2,viet-family-help-call-hotel,help-2,help-call-hotel,tier1,traveler-first,Gọi khách sạn giúp tôi,Please call the hotel for me,problems-help,help-2|problems-1|help-3|problems-4|help-need-help-direct|v500-prob-help-i-need-help-now,help-2,yes,manifest-ready,Enough existing phrase IDs for a short 4-5 turn conversation.
90,126,ready-thread,Find ATM,2,viet-family-money-find-atm,airport-4,money-find-atm,tier1,traveler-first,ATM gần nhất ở đâu?,Where is the nearest ATM?,money-numbers-prices,airport-4|price-1|price-4|price-2|price-3|price-5|price-6|price-7|v500-mone-numb-pric-the-atm-kept-my-card,airport-4,yes,manifest-ready,Enough existing phrase IDs for a short 4-5 turn conversation.
91,126,ready-thread,Fix AC,2,viet-family-food-coffee-black,coffee-2,food-coffee-black,tier1,traveler-first,Cho tôi cà phê đen đá,I’d like an iced black coffee,food-drink,coffee-2|coffee-1|food-2|coffee-3|coffee-4|food-3|food-4|food-5|food-6|food-7,coffee-2,yes,manifest-ready,Enough existing phrase IDs for a short 4-5 turn conversation.
92,126,ready-thread,Forgot item,2,viet-family-help-left-something,problems-4,help-left-something,tier1,traveler-first,Tôi quên đồ rồi,I left something behind,problems-help,problems-4|problems-1|help-3|help-need-help-direct|help-2|v500-prob-help-i-need-help-now,problems-4,yes,manifest-ready,Enough existing phrase IDs for a short 4-5 turn conversation.
93,126,ready-thread,Get table,2,viet-family-food-need-table,food-need-table,food-need-table,tier1,traveler-first,Cho tôi bàn cho hai người nhé,"A table for two, please",food-drink,food-need-table|coffee-1|food-2|coffee-2|coffee-3|food-3|food-4|food-5|food-6|food-7,food-need-table,yes,manifest-ready,Enough existing phrase IDs for a short 4-5 turn conversation.
94,126,ready-thread,Lost way,2,viet-family-help-lost,problems-1,help-lost,tier1,traveler-first,Tôi bị lạc đường,I’m lost,problems-help,problems-1|problems-4|help-3|help-need-help-direct|help-2|v500-prob-help-i-need-help-now,problems-1,yes,manifest-ready,Enough existing phrase IDs for a short 4-5 turn conversation.
95,126,ready-thread,Manager,1,viet-family-help-manager,help-3,help-manager,tier1,traveler-first,Tôi cần quản lý,I need the manager,problems-help,help-3|problems-1|help-2|problems-4|help-need-help-direct|v500-prob-help-i-need-help-now,help-3,yes,manifest-ready,Enough existing phrase IDs for a short 4-5 turn conversation.
96,126,ready-thread,Much per kilo?,3,viet-family-money-per-kilo,price-2,money-per-kilo,tier1,traveler-first,Bao nhiêu một ký?,How much per kilo?,money-numbers-prices,price-2|price-1|price-5|price-3|price-4|price-6|price-7|airport-4|v500-mone-numb-pric-the-atm-kept-my-card,price-2,yes,manifest-ready,Enough existing phrase IDs for a short 4-5 turn conversation.
97,126,ready-thread,Need help,2,viet-family-help-need-help,help-need-help-direct,help-need-help,tier1,traveler-first,Giúp tôi với,I need help,problems-help,help-need-help-direct|help-1|problems-1|help-3|problems-4|help-2|v500-prob-help-i-need-help-now,help-need-help-direct,yes,manifest-ready,Enough existing phrase IDs for a short 4-5 turn conversation.
98,126,ready-thread,One iced milk,3,viet-family-food-coffee-milk,coffee-1,food-coffee-milk,tier1,traveler-first,Cho tôi một cà phê sữa đá,One iced milk coffee please,food-drink,coffee-1|coffee-2|food-2|coffee-3|coffee-4|food-3|food-4|food-5|food-6|food-7,coffee-1,yes,manifest-ready,Enough existing phrase IDs for a short 4-5 turn conversation.
99,126,ready-thread,Peanut allergy,2,viet-family-food-peanut-allergy,food-peanut-allergy,food-peanut-allergy,tier1,traveler-first,Tôi bị dị ứng đậu phộng,I am allergic to peanuts,food-drink,food-peanut-allergy|food-15|coffee-1|food-1|coffee-2|coffee-3|food-2|food-3|food-4|food-5,food-peanut-allergy,yes,manifest-ready,Enough existing phrase IDs for a short 4-5 turn conversation.
100,126,ready-thread,Show another one,3,viet-family-money-another-one,price-6,money-another-one,tier1,traveler-first,Cho tôi xem cái khác,Show me another one,money-numbers-prices,price-6|price-1|price-4|price-2|price-3|price-5|price-7|airport-4|v500-mone-numb-pric-the-atm-kept-my-card,price-6,yes,manifest-ready,Enough existing phrase IDs for a short 4-5 turn conversation.
101,126,ready-thread,Take one,2,viet-family-money-take-this,price-7,money-take-this,tier1,traveler-first,Tôi lấy cái này,I’ll take this one,money-numbers-prices,price-7|price-1|price-4|price-2|price-3|price-5|price-6|airport-4|v500-mone-numb-pric-the-atm-kept-my-card,price-7,yes,manifest-ready,Enough existing phrase IDs for a short 4-5 turn conversation.
102,126,ready-thread,Too expensive,2,viet-family-money-too-expensive,price-3,money-too-expensive,tier1,traveler-first,Mắc quá,Too expensive,money-numbers-prices,price-3|price-1|price-5|price-2|price-4|price-6|price-7|airport-4|v500-mone-numb-pric-the-atm-kept-my-card,price-3,yes,manifest-ready,Enough existing phrase IDs for a short 4-5 turn conversation.
103,126,ready-thread,Whats your final,3,viet-family-money-final-price,price-5,money-final-price,tier1,traveler-first,Giá cuối bao nhiêu?,What’s your final price?,money-numbers-prices,price-5|price-1|price-4|price-2|price-3|price-6|price-7|airport-4|v500-mone-numb-pric-the-atm-kept-my-card,price-5,yes,manifest-ready,Enough existing phrase IDs for a short 4-5 turn conversation.
104,126,ready-thread,You lower little?,3,viet-family-money-lower-price,price-4,money-lower-price,tier1,traveler-first,Bớt chút được không?,Can you lower it a little?,money-numbers-prices,price-4|price-1|price-5|price-2|price-3|price-6|price-7|airport-4|v500-mone-numb-pric-the-atm-kept-my-card,price-4,yes,manifest-ready,Enough existing phrase IDs for a short 4-5 turn conversation.
105,124,ready-thread,Ask Wi-Fi,2,viet-family-phone-wifi-password,phone-1,phone-wifi-password,tier1,traveler-first,Mật khẩu Wi-Fi là gì?,What is the Wi-Fi password?,phone-internet-power,phone-1|phone-wifi-common|phone-2|phone-5|phone-3|phone-4|v500-phon-inte-powe-my-map-is-not-working|v500-phon-inte-powe-where-can-i-get-a-local-sim-card|v500-phon-inte-powe-i-need-an-esim,phone-1,yes,manifest-ready,Enough existing phrase IDs for a short 4-5 turn conversation.
106,124,ready-thread,Buy SIM,2,viet-family-v500-phon-inte-powe-where-can-i-get-a-local-sim-card,v500-phon-inte-powe-where-can-i-get-a-local-sim-card,v500-phon-inte-powe-where-can-i-get-a-local-sim-card,tier1,traveler-first,Tôi có thể mua SIM ở đâu?,Where can I get a local SIM card?,phone-internet-power,v500-phon-inte-powe-where-can-i-get-a-local-sim-card|phone-1|phone-4|phone-2|phone-3|phone-5|v500-phon-inte-powe-my-map-is-not-working|v500-phon-inte-powe-i-need-an-esim,v500-phon-inte-powe-where-can-i-get-a-local-sim-card,yes,manifest-ready,Enough existing phrase IDs for a short 4-5 turn conversation.
107,124,ready-thread,Charge phone here?,3,viet-family-phone-charge-here,phone-5,phone-charge-here,tier1,traveler-first,Tôi sạc điện thoại ở đây được không?,Can I charge my phone here?,phone-internet-power,phone-5|phone-1|phone-4|phone-2|phone-3|v500-phon-inte-powe-my-map-is-not-working|v500-phon-inte-powe-where-can-i-get-a-local-sim-card|v500-phon-inte-powe-i-need-an-esim,phone-5,yes,manifest-ready,Enough existing phrase IDs for a short 4-5 turn conversation.
108,124,ready-thread,Map working,2,viet-family-v500-phon-inte-powe-my-map-is-not-working,v500-phon-inte-powe-my-map-is-not-working,v500-phon-inte-powe-my-map-is-not-working,tier1,traveler-first,Bản đồ của tôi không hoạt động,My map is not working,phone-internet-power,v500-phon-inte-powe-my-map-is-not-working|phone-1|phone-4|phone-2|phone-3|phone-5|v500-phon-inte-powe-where-can-i-get-a-local-sim-card|v500-phon-inte-powe-i-need-an-esim,v500-phon-inte-powe-my-map-is-not-working,yes,manifest-ready,Enough existing phrase IDs for a short 4-5 turn conversation.
109,124,ready-thread,Phone battery dead,3,viet-family-phone-battery-dead,phone-3,phone-battery-dead,tier1,traveler-first,Điện thoại tôi hết pin rồi,My phone battery is dead,phone-internet-power,phone-3|phone-1|phone-5|phone-2|phone-4|v500-phon-inte-powe-my-map-is-not-working|v500-phon-inte-powe-where-can-i-get-a-local-sim-card|v500-phon-inte-powe-i-need-an-esim,phone-3,yes,manifest-ready,Enough existing phrase IDs for a short 4-5 turn conversation.
110,122,ready-thread,Find ATM,2,viet-family-v500-mone-numb-pric-the-atm-kept-my-card,v500-mone-numb-pric-the-atm-kept-my-card,v500-mone-numb-pric-the-atm-kept-my-card,tier1,traveler-first,ATM đã giữ thẻ của tôi,The ATM kept my card,money-numbers-prices,v500-mone-numb-pric-the-atm-kept-my-card|price-1|price-4|price-2|price-3|price-5|price-6|price-7|airport-4,v500-mone-numb-pric-the-atm-kept-my-card,yes,manifest-ready,Enough existing phrase IDs for a short 4-5 turn conversation.
111,122,ready-thread,Help now,2,viet-family-v500-prob-help-i-need-help-now,v500-prob-help-i-need-help-now,v500-prob-help-i-need-help-now,tier1,traveler-first,Tôi cần giúp đỡ bây giờ,I need help now,problems-help,v500-prob-help-i-need-help-now|problems-1|help-2|problems-4|help-need-help-direct|help-3,v500-prob-help-i-need-help-now,yes,manifest-ready,Enough existing phrase IDs for a short 4-5 turn conversation.
112,120,ready-thread,Buy ticket,2,viet-family-sight-ticket,sight-1,sight-ticket,tier1,traveler-first,Vé bao nhiêu?,How much is the ticket?,sightseeing-activities,sight-1|sight-2|sight-5|sight-3|sight-4|v500-sigh-acti-i-have-a-tour-booking,sight-1,yes,manifest-ready,Enough existing phrase IDs for a short 4-5 turn conversation.
113,120,ready-thread,Buy water,2,viet-family-service-water,store-1,service-water,tier1,traveler-first,Cho tôi chai nước,A bottle of water please,local-services-everyday-tasks,store-1|store-2|store-5|store-3|store-4|store-6|store-7|v500-loca-serv-ever-task-where-can-i-buy-water,store-1,yes,manifest-ready,Enough existing phrase IDs for a short 4-5 turn conversation.
114,120,ready-thread,Closing time,2,viet-family-sight-close,sight-4,sight-close,tier1,traveler-first,Mấy giờ đóng cửa?,What time does it close?,sightseeing-activities,sight-4|sight-1|sight-5|sight-2|sight-3|v500-sigh-acti-i-have-a-tour-booking,sight-4,yes,manifest-ready,Enough existing phrase IDs for a short 4-5 turn conversation.
115,120,ready-thread,Find meeting point,3,viet-family-sight-meeting-point,sight-5,sight-meeting-point,tier1,traveler-first,Điểm gặp ở đâu?,Where is the meeting point?,sightseeing-activities,sight-5|sight-1|sight-4|sight-2|sight-3|v500-sigh-acti-i-have-a-tour-booking,sight-5,yes,manifest-ready,Enough existing phrase IDs for a short 4-5 turn conversation.
116,120,ready-thread,Get receipt,2,viet-family-service-receipt,store-7,service-receipt,tier1,traveler-first,Cho tôi hóa đơn,Please give me the receipt,local-services-everyday-tasks,store-7|store-1|store-4|store-2|store-3|store-5|store-6|v500-loca-serv-ever-task-where-can-i-buy-water,store-7,yes,manifest-ready,Enough existing phrase IDs for a short 4-5 turn conversation.
117,120,ready-thread,Need bag,2,viet-family-service-bag,store-2,service-bag,tier1,traveler-first,Có túi không?,Do you have a bag?,local-services-everyday-tasks,store-2|store-1|store-5|store-3|store-4|store-6|store-7|v500-loca-serv-ever-task-where-can-i-buy-water,store-2,yes,manifest-ready,Enough existing phrase IDs for a short 4-5 turn conversation.
118,120,ready-thread,Need tissues,2,viet-family-service-tissues,store-3,service-tissues,tier1,traveler-first,Cho tôi khăn giấy,Tissues please,local-services-everyday-tasks,store-3|store-1|store-5|store-2|store-4|store-6|store-7|v500-loca-serv-ever-task-where-can-i-buy-water,store-3,yes,manifest-ready,Enough existing phrase IDs for a short 4-5 turn conversation.
119,120,ready-thread,Open,1,viet-family-service-open-this,store-5,service-open-this,tier1,traveler-first,Mở cái này giúp tôi,Please open this for me,local-services-everyday-tasks,store-5|store-1|store-4|store-2|store-3|store-6|store-7|v500-loca-serv-ever-task-where-can-i-buy-water,store-5,yes,manifest-ready,Enough existing phrase IDs for a short 4-5 turn conversation.
120,120,ready-thread,Pay by card?,3,viet-family-service-card,store-6,service-card,tier1,traveler-first,Tôi quẹt thẻ được không?,Can I pay by card?,local-services-everyday-tasks,store-6|store-1|store-4|store-2|store-3|store-5|store-7|v500-loca-serv-ever-task-where-can-i-buy-water,store-6,yes,manifest-ready,Enough existing phrase IDs for a short 4-5 turn conversation.
121,120,ready-thread,Tour booking,2,viet-family-v500-sigh-acti-i-have-a-tour-booking,v500-sigh-acti-i-have-a-tour-booking,v500-sigh-acti-i-have-a-tour-booking,tier1,traveler-first,Tôi có đặt tour,I have a tour booking,sightseeing-activities,v500-sigh-acti-i-have-a-tour-booking|sight-1|sight-4|sight-2|sight-3|sight-5,v500-sigh-acti-i-have-a-tour-booking,yes,manifest-ready,Enough existing phrase IDs for a short 4-5 turn conversation.
122,120,ready-thread,Tour start,2,viet-family-sight-start,sight-2,sight-start,tier1,traveler-first,Bắt đầu ở đâu?,Where do we start?,sightseeing-activities,sight-2|sight-1|sight-5|sight-3|sight-4|v500-sigh-acti-i-have-a-tour-booking,sight-2,yes,manifest-ready,Enough existing phrase IDs for a short 4-5 turn conversation.
123,116,ready-thread,Ask time,2,viet-family-time-what-time,time-1,time-what-time,tier1,traveler-first,Mấy giờ?,What time?,time-dates-booking,time-1|time-2|time-5|time-3|time-4|v500-time-date-book-is-there-a-wait|v500-time-date-book-one-ticket-please,time-1,yes,manifest-ready,Enough existing phrase IDs for a short 4-5 turn conversation.
124,116,ready-thread,Buy ticket,2,viet-family-v500-time-date-book-one-ticket-please,v500-time-date-book-one-ticket-please,v500-time-date-book-one-ticket-please,tier1,traveler-first,Xin một vé,"One ticket, please",time-dates-booking,v500-time-date-book-one-ticket-please|time-1|time-4|time-2|time-3|time-5|v500-time-date-book-is-there-a-wait,v500-time-date-book-one-ticket-please,yes,manifest-ready,Enough existing phrase IDs for a short 4-5 turn conversation.
125,116,ready-thread,Find buy water,3,viet-family-v500-loca-serv-ever-task-where-can-i-buy-water,v500-loca-serv-ever-task-where-can-i-buy-water,v500-loca-serv-ever-task-where-can-i-buy-water,tier1,traveler-first,Tôi có thể mua nước ở đâu?,Where can I buy water?,local-services-everyday-tasks,v500-loca-serv-ever-task-where-can-i-buy-water|store-1|store-4|store-2|store-3|store-5|store-6|store-7,v500-loca-serv-ever-task-where-can-i-buy-water,yes,manifest-ready,Enough existing phrase IDs for a short 4-5 turn conversation.
126,116,ready-thread,Find sunscreen,2,viet-family-service-sunscreen,store-4,service-sunscreen,tier1,traveler-first,Ở đâu có kem chống nắng?,Where is the sunscreen?,local-services-everyday-tasks,store-4|store-1|store-5|store-2|store-3|store-6|store-7|v500-loca-serv-ever-task-where-can-i-buy-water,store-4,yes,manifest-ready,Enough existing phrase IDs for a short 4-5 turn conversation.
127,116,ready-thread,Have booking,2,viet-family-time-have-booking,time-4,time-have-booking,tier1,traveler-first,Tôi có đặt chỗ,I have a booking,time-dates-booking,time-4|time-1|time-5|time-2|time-3|v500-time-date-book-is-there-a-wait|v500-time-date-book-one-ticket-please,time-4,yes,manifest-ready,Enough existing phrase IDs for a short 4-5 turn conversation.
128,116,ready-thread,Open today,2,viet-family-time-open,time-5,time-open,tier1,traveler-first,Mấy giờ mở cửa?,What time does it open?,time-dates-booking,time-5|time-1|time-4|time-2|time-3|v500-time-date-book-is-there-a-wait|v500-time-date-book-one-ticket-please,time-5,yes,manifest-ready,Enough existing phrase IDs for a short 4-5 turn conversation.
129,116,ready-thread,Take photo,2,viet-family-sight-photos,sight-3,sight-photos,tier1,traveler-first,Tôi chụp hình ở đây được không?,Can I take photos here?,sightseeing-activities,sight-3|sight-1|sight-5|sight-2|sight-4|v500-sigh-acti-i-have-a-tour-booking,sight-3,yes,manifest-ready,Enough existing phrase IDs for a short 4-5 turn conversation.
130,116,ready-thread,Today,1,viet-family-time-today,time-2,time-today,tier1,traveler-first,Hôm nay,Today,time-dates-booking,time-2|time-1|time-5|time-3|time-4|v500-time-date-book-is-there-a-wait|v500-time-date-book-one-ticket-please,time-2,yes,manifest-ready,Enough existing phrase IDs for a short 4-5 turn conversation.
131,116,ready-thread,Tomorrow morning,2,viet-family-time-tomorrow-morning,time-3,time-tomorrow-morning,tier1,traveler-first,Sáng mai,Tomorrow morning,time-dates-booking,time-3|time-1|time-5|time-2|time-4|v500-time-date-book-is-there-a-wait|v500-time-date-book-one-ticket-please,time-3,yes,manifest-ready,Enough existing phrase IDs for a short 4-5 turn conversation.
132,116,ready-thread,Wait?,1,viet-family-v500-time-date-book-is-there-a-wait,v500-time-date-book-is-there-a-wait,v500-time-date-book-is-there-a-wait,tier1,traveler-first,Có chờ đợi không?,Is there a wait?,time-dates-booking,v500-time-date-book-is-there-a-wait|time-1|time-4|time-2|time-3|time-5|v500-time-date-book-one-ticket-please,v500-time-date-book-is-there-a-wait,yes,manifest-ready,Enough existing phrase IDs for a short 4-5 turn conversation.
133,114,ready-thread,Food so good,3,viet-family-social-food-good,smalltalk-5,social-food-good,tier1,traveler-first,Đồ ăn ngon quá,The food is so good,social-small-talk,smalltalk-5|smalltalk-1|how-are-you-chi|smalltalk-2|smalltalk-3|how-are-you-em|smalltalk-4|smalltalk-6|smalltalk-7|smalltalk-di-dau-day,smalltalk-5,yes,manifest-ready,Enough existing phrase IDs for a short 4-5 turn conversation.
134,114,ready-thread,From England,2,viet-family-social-from-uk,smalltalk-2,social-from-uk,tier1,traveler-first,Tôi từ Anh,I’m from England,social-small-talk,smalltalk-2|smalltalk-1|how-are-you-chi|smalltalk-3|smalltalk-4|how-are-you-em|smalltalk-5|smalltalk-6|smalltalk-7|smalltalk-di-dau-day,smalltalk-2,yes,manifest-ready,Enough existing phrase IDs for a short 4-5 turn conversation.
135,114,ready-thread,From United States,3,viet-family-social-from-us,smalltalk-1,social-from-us,tier1,traveler-first,Tôi đến từ Mỹ,I’m from the United States,social-small-talk,smalltalk-1|smalltalk-2|how-are-you-chi|smalltalk-3|smalltalk-4|how-are-you-em|smalltalk-5|smalltalk-6|smalltalk-7|smalltalk-di-dau-day,smalltalk-1,yes,manifest-ready,Enough existing phrase IDs for a short 4-5 turn conversation.
136,114,ready-thread,Vietnam,1,viet-family-social-like-vietnam,smalltalk-4,social-like-vietnam,tier1,traveler-first,Tôi thích Việt Nam,I like Vietnam,social-small-talk,smalltalk-4|smalltalk-1|how-are-you-chi|smalltalk-2|smalltalk-3|how-are-you-em|smalltalk-5|smalltalk-6|smalltalk-7|smalltalk-di-dau-day,smalltalk-4,yes,manifest-ready,Enough existing phrase IDs for a short 4-5 turn conversation.
137,114,ready-thread,Weather so hot,3,viet-family-social-weather-hot,smalltalk-6,social-weather-hot,tier1,traveler-first,Thời tiết nóng quá,The weather is so hot,social-small-talk,smalltalk-6|smalltalk-1|how-are-you-chi|smalltalk-2|smalltalk-3|how-are-you-em|smalltalk-4|smalltalk-5|smalltalk-7|smalltalk-di-dau-day,smalltalk-6,yes,manifest-ready,Enough existing phrase IDs for a short 4-5 turn conversation.
138,110,ready-thread,First time,2,viet-family-social-first-time,smalltalk-3,social-first-time,tier1,traveler-first,Đây là lần đầu của tôi,This is my first time,social-small-talk,smalltalk-3|smalltalk-1|how-are-you-chi|smalltalk-2|smalltalk-4|how-are-you-em|smalltalk-5|smalltalk-6|smalltalk-7|smalltalk-di-dau-day,smalltalk-3,yes,manifest-ready,Enough existing phrase IDs for a short 4-5 turn conversation.
139,108,ready-thread,Go straight,2,viet-family-directions-go-straight,directions-6,directions-go-straight,tier1,traveler-first,Tôi đi thẳng phải không?,Should I go straight?,directions-navigation,directions-6|directions-1|directions-4|directions-2|directions-3|directions-5|directions-7|v500-dire-navi-where-is-the-nearest-restroom,directions-6,yes,manifest-ready,Enough existing phrase IDs for a short 4-5 turn conversation.
140,108,ready-thread,How long,2,viet-family-directions-how-long,directions-3,directions-how-long,tier1,traveler-first,Đi bộ mất bao lâu?,How long does it take on foot?,directions-navigation,directions-3|directions-1|directions-5|directions-2|directions-4|directions-6|directions-7|v500-dire-navi-where-is-the-nearest-restroom,directions-3,yes,manifest-ready,Enough existing phrase IDs for a short 4-5 turn conversation.
141,108,ready-thread,Nearby?,1,viet-family-directions-near,directions-2,directions-near,tier1,traveler-first,Ở gần đây không?,Is it near here?,directions-navigation,directions-2|directions-1|directions-5|directions-3|directions-4|directions-6|directions-7|v500-dire-navi-where-is-the-nearest-restroom,directions-2,yes,manifest-ready,Enough existing phrase IDs for a short 4-5 turn conversation.
142,108,ready-thread,Turn left,2,viet-family-directions-turn-left,directions-4,directions-turn-left,tier1,traveler-first,Rẽ trái ở đâu?,Where do I turn left?,directions-navigation,directions-4|directions-1|directions-5|directions-2|directions-3|directions-6|directions-7|v500-dire-navi-where-is-the-nearest-restroom,directions-4,yes,manifest-ready,Enough existing phrase IDs for a short 4-5 turn conversation.
143,108,ready-thread,Turn right,2,viet-family-directions-turn-right,directions-5,directions-turn-right,tier1,traveler-first,Tôi rẽ phải đúng không?,Should I turn right?,directions-navigation,directions-5|directions-1|directions-4|directions-2|directions-3|directions-6|directions-7|v500-dire-navi-where-is-the-nearest-restroom,directions-5,yes,manifest-ready,Enough existing phrase IDs for a short 4-5 turn conversation.
144,104,ready-thread,Find bathroom,2,viet-family-v500-dire-navi-where-is-the-nearest-restroom,v500-dire-navi-where-is-the-nearest-restroom,v500-dire-navi-where-is-the-nearest-restroom,tier1,traveler-first,Nhà vệ sinh gần nhất ở đâu?,Where is the nearest restroom?,directions-navigation,v500-dire-navi-where-is-the-nearest-restroom|directions-1|directions-4|directions-2|directions-3|directions-5|directions-6|directions-7,v500-dire-navi-where-is-the-nearest-restroom,yes,manifest-ready,Enough existing phrase IDs for a short 4-5 turn conversation.
145,104,ready-thread,Get there,2,viet-family-directions-how-to-get,directions-1,directions-how-to-get,tier1,traveler-first,"Cho hỏi, đi tới đó thế nào?","Excuse me, how do I get there?",directions-navigation,directions-1|directions-2|directions-5|directions-3|directions-4|directions-6|directions-7|v500-dire-navi-where-is-the-nearest-restroom,directions-1,yes,manifest-ready,Enough existing phrase IDs for a short 4-5 turn conversation.
146,96,ready-thread,An Bang Beach,3,viet-family-city-hoian-place-an-bang,city-hoian-place-an-bang,city-hoian-place-an-bang,place,entity-topic,Biển An Bàng,An Bang Beach,city-guides,city-hoian-place-an-bang|city-hoian-go-an-bang|city-hoian-atm-an-bang-beach|city-hoian-stop-an-bang-beach|city-hoian-where-an-bang-beach|city-hoian-eat-near-an-bang-beach|city-hoian-near-an-bang-beach,city-hoian-place-an-bang,yes,manifest-ready,Enough existing phrase IDs for a short 4-5 turn conversation.
147,96,ready-thread,An Cuu Market,3,viet-family-city-hue-place-an-cuu-market,city-hue-place-an-cuu-market,city-hue-place-an-cuu-market,place,entity-topic,Chợ An Cựu,An Cuu Market,city-guides,city-hue-place-an-cuu-market|city-hue-entrance-an-cuu-market|city-hue-atm-an-cuu-market|city-hue-go-an-cuu-market|city-hue-stop-an-cuu-market|city-hue-where-an-cuu-market|city-hue-eat-near-an-cuu-market|city-hue-near-an-cuu-market,city-hue-place-an-cuu-market,yes,manifest-ready,Enough existing phrase IDs for a short 4-5 turn conversation.
148,96,ready-thread,An Dinh Palace,3,viet-family-city-hue-place-an-dinh-palace,city-hue-place-an-dinh-palace,city-hue-place-an-dinh-palace,place,entity-topic,Cung An Định,An Dinh Palace,city-guides,city-hue-place-an-dinh-palace|city-hue-go-an-dinh-palace|city-hue-atm-an-dinh-palace|city-hue-stop-an-dinh-palace|city-hue-where-an-dinh-palace|city-hue-eat-near-an-dinh-palace,city-hue-place-an-dinh-palace,yes,manifest-ready,Enough existing phrase IDs for a short 4-5 turn conversation.
149,96,ready-thread,An Hoi Island,3,viet-family-city-hoian-place-an-hoi-island,city-hoian-place-an-hoi-island,city-hoian-place-an-hoi-island,place,entity-topic,Đảo An Hội,An Hoi Island,city-guides,city-hoian-place-an-hoi-island|city-hoian-go-an-hoi-island|city-hoian-atm-an-hoi-island|city-hoian-stop-an-hoi-island|city-hoian-where-an-hoi-island|city-hoian-eat-near-an-hoi-island|city-hoian-near-an-hoi-island,city-hoian-place-an-hoi-island,yes,manifest-ready,Enough existing phrase IDs for a short 4-5 turn conversation.
150,96,ready-thread,APEC Park,2,viet-family-city-danang-place-apec-park,city-danang-place-apec-park,city-danang-place-apec-park,place,entity-topic,Công viên APEC,APEC Park,city-guides,city-danang-place-apec-park|city-danang-go-apec-park|city-danang-atm-apec-park|city-danang-stop-apec-park|city-danang-where-apec-park|city-danang-eat-near-apec-park,city-danang-place-apec-park,yes,manifest-ready,Enough existing phrase IDs for a short 4-5 turn conversation.
151,96,ready-thread,Asia Park,2,viet-family-city-danang-place-asia-park,city-danang-place-asia-park,city-danang-place-asia-park,place,entity-topic,Công viên Châu Á,Asia Park,city-guides,city-danang-place-asia-park|city-danang-go-asia-park|city-danang-atm-asia-park|city-danang-stop-asia-park|city-danang-where-asia-park|city-danang-eat-near-asia-park,city-danang-place-asia-park,yes,manifest-ready,Enough existing phrase IDs for a short 4-5 turn conversation.
152,96,ready-thread,Ba Dinh Square,3,viet-family-city-hanoi-place-ba-dinh-square,city-hanoi-place-ba-dinh-square,city-hanoi-place-ba-dinh-square,place,entity-topic,Quảng trường Ba Đình,Ba Dinh Square,city-guides,city-hanoi-place-ba-dinh-square|city-hanoi-go-ba-dinh-square|city-hanoi-atm-ba-dinh-square|city-hanoi-stop-ba-dinh-square|city-hanoi-where-ba-dinh-square|city-hanoi-eat-near-ba-dinh-square,city-hanoi-place-ba-dinh-square,yes,manifest-ready,Enough existing phrase IDs for a short 4-5 turn conversation.
153,96,ready-thread,Ba Na Hills,3,viet-family-city-danang-place-ba-na-hills,city-danang-place-ba-na-hills,city-danang-place-ba-na-hills,place,entity-topic,Bà Nà Hills,Ba Na Hills,city-guides,city-danang-place-ba-na-hills|ves-take-me-to-ba-na-hills|ves-two-tickets-ba-na-hills|ves-where-cable-car|ves-take-photo-for-me|directions-8|city-danang-go-ba-na-hills|city-danang-where-ba-na-hills|city-danang-stop-ba-na-hills|ves-call-taxi-for-me,city-danang-place-ba-na-hills,yes,manifest-ready,Enough existing phrase IDs for a short 4-5 turn conversation.
154,96,ready-thread,Bach Dang Street,3,viet-family-city-danang-place-bach-dang-street,city-danang-place-bach-dang-street,city-danang-place-bach-dang-street,place,entity-topic,Đường Bạch Đằng,Bach Dang Street,city-guides,city-danang-place-bach-dang-street|ves-to-bach-dang-street|city-danang-bach-dang-route|ves-is-this-bach-dang-street|city-danang-near-bach-dang-street|city-danang-stop-bach-dang-street|city-danang-atm-bach-dang-street|city-danang-eat-near-bach-dang-street,city-danang-place-bach-dang-street,yes,manifest-ready,Enough existing phrase IDs for a short 4-5 turn conversation.
155,96,ready-thread,Bach Dang Wharf,3,viet-family-city-hcmc-place-bach-dang-wharf,city-hcmc-place-bach-dang-wharf,city-hcmc-place-bach-dang-wharf,place,entity-topic,Bến Bạch Đằng,Bach Dang Wharf,city-guides,city-hcmc-place-bach-dang-wharf|city-hcmc-go-bach-dang-wharf|city-hcmc-atm-bach-dang-wharf|city-hcmc-stop-bach-dang-wharf|city-hcmc-where-bach-dang-wharf|city-hcmc-eat-near-bach-dang-wharf|city-hcmc-near-bach-dang-wharf,city-hcmc-place-bach-dang-wharf,yes,manifest-ready,Enough existing phrase IDs for a short 4-5 turn conversation.
156,96,ready-thread,Ban Co Peak,3,viet-family-city-danang-place-ban-co-peak,city-danang-place-ban-co-peak,city-danang-place-ban-co-peak,place,entity-topic,Đỉnh Bàn Cờ,Ban Co Peak,city-guides,city-danang-place-ban-co-peak|city-danang-go-ban-co-peak|city-danang-atm-ban-co-peak|city-danang-stop-ban-co-peak|city-danang-where-ban-co-peak|city-danang-eat-near-ban-co-peak,city-danang-place-ban-co-peak,yes,manifest-ready,Enough existing phrase IDs for a short 4-5 turn conversation.
157,96,ready-thread,Bao Vinh Ancient,3,viet-family-city-hue-place-bao-vinh-ancient-town,city-hue-place-bao-vinh-ancient-town,city-hue-place-bao-vinh-ancient-town,place,entity-topic,Phố cổ Bao Vinh,Bao Vinh Ancient Town,city-guides,city-hue-place-bao-vinh-ancient-town|city-hue-go-bao-vinh-ancient-town|city-hue-atm-bao-vinh-ancient-town|city-hue-stop-bao-vinh-ancient-town|city-hue-where-bao-vinh-ancient-town|city-hue-eat-near-bao-vinh-ancient-town|city-hue-near-bao-vinh-ancient-town,city-hue-place-bao-vinh-ancient-town,yes,manifest-ready,Enough existing phrase IDs for a short 4-5 turn conversation.
158,96,ready-thread,Ben Thanh Market,3,viet-family-city-hcmc-place-ben-thanh-market,city-hcmc-place-ben-thanh-market,city-hcmc-place-ben-thanh-market,place,entity-topic,Chợ Bến Thành,Ben Thanh Market,city-guides,city-hcmc-place-ben-thanh-market|city-hcmc-entrance-ben-thanh-market|city-hcmc-atm-ben-thanh-market|city-hcmc-go-ben-thanh|city-hcmc-stop-ben-thanh-market|city-hcmc-where-ben-thanh|city-hcmc-eat-near-ben-thanh-market|city-hcmc-near-ben-thanh-market,city-hcmc-place-ben-thanh-market,yes,manifest-ready,Enough existing phrase IDs for a short 4-5 turn conversation.
159,96,ready-thread,Binh Tay Market,3,viet-family-city-hcmc-place-binh-tay-market,city-hcmc-place-binh-tay-market,city-hcmc-place-binh-tay-market,place,entity-topic,Chợ Bình Tây,Binh Tay Market,city-guides,city-hcmc-place-binh-tay-market|city-hcmc-entrance-binh-tay-market|city-hcmc-atm-binh-tay-market|city-hcmc-go-binh-tay-market|city-hcmc-stop-binh-tay-market|city-hcmc-where-binh-tay-market|city-hcmc-binh-tay-far|city-hcmc-eat-near-binh-tay-market,city-hcmc-place-binh-tay-market,yes,manifest-ready,Enough existing phrase IDs for a short 4-5 turn conversation.
160,96,ready-thread,Bitexco Financial Tower,3,viet-family-city-hcmc-place-bitexco-tower,city-hcmc-place-bitexco-tower,city-hcmc-place-bitexco-tower,place,entity-topic,Tòa nhà Bitexco,Bitexco Financial Tower,city-guides,city-hcmc-place-bitexco-tower|city-hcmc-go-bitexco-tower|city-hcmc-atm-bitexco-tower|city-hcmc-stop-bitexco-tower|city-hcmc-where-bitexco-tower|city-hcmc-eat-near-bitexco-tower,city-hcmc-place-bitexco-tower,yes,manifest-ready,Enough existing phrase IDs for a short 4-5 turn conversation.
