key,value
generatedAt,2026-05-06T17:11:21.039Z
assetTrackerRows,154
sourceAudit,docs/content-audits/viet-canonical-editorial-finish-all-001/hero-image-followups.csv
authoredPages,native-ios/Resources/viet-authored-listing-pages.json
existingHeroAssets,"HeroBaNaHills.imageset, HeroCategoryEmergency.imageset, HeroCategoryEssentials.imageset, HeroCategoryFirstDay.imageset, HeroCategoryGettingAround.imageset, HeroCategoryGreetings.imageset, HeroCategoryPoliteRepair.imageset, HeroCategoryQuestions.imageset, HeroCityDanang.imageset, HeroCityDanangPlaceAirport.imageset, HeroCityDanangPlaceApecPark.imageset, HeroCityDanangPlaceAsiaPark.imageset, HeroCityDanangPlaceBachDangStreet.imageset, HeroCityDanangPlaceBanCoPeak.imageset, HeroCityDanangPlaceCathedral.imageset, HeroCityDanangPlaceChamMuseum.imageset, HeroCityDanangPlaceConMarket.imageset, HeroCityDanangPlaceGoldenBridge.imageset, HeroCityDanangPlaceHanRiver.imageset, HeroCityDanangPlaceHelioNightMarket.imageset, HeroCityDanangPlaceLoveBridge.imageset, HeroCityDanangPlaceManThaiBeach.imageset, HeroCityDanangPlaceNamOReef.imageset, HeroCityDanangPlaceNen.imageset, HeroCityDanangPlaceNonNuocBeach.imageset, HeroCityDanangPlaceNonNuocStoneVillage.imageset, HeroCityDanangPlaceRailwayStation.imageset, HeroCityDanangPlaceSonTra.imageset, HeroCityDanangPlaceSonTraNightMarket.imageset, HeroCityDanangPlaceTienSaPort.imageset, HeroCityDanangPlaceTranThiLyBridge.imageset, HeroCityDanangPlaceVoNguyenGiapStreet.imageset, HeroCityHanoi.imageset, HeroCityHanoiPlaceBaDinhSquare.imageset, HeroCityHanoiPlaceBunChaHuongLien.imageset, HeroCityHanoiPlaceChaCaThangLong.imageset, HeroCityHanoiPlaceDongXuan.imageset, HeroCityHanoiPlaceEthnologyMuseum.imageset, HeroCityHanoiPlaceGiangCafe.imageset, HeroCityHanoiPlaceHangBacStreet.imageset, HeroCityHanoiPlaceHangGaiStreet.imageset, HeroCityHanoiPlaceHoChiMinhMausoleum.imageset, HeroCityHanoiPlaceHoaLoPrison.imageset, HeroCityHanoiPlaceHoanKiem.imageset, HeroCityHanoiPlaceImperialCitadel.imageset, HeroCityHanoiPlaceLongBienBridge.imageset, HeroCityHanoiPlaceLongBienMarket.imageset, HeroCityHanoiPlaceNoiBaiAirport.imageset, HeroCityHanoiPlaceOldQuarter.imageset, HeroCityHanoiPlaceOperaHouse.imageset, HeroCityHanoiPlacePhanDinhPhungStreet.imageset, HeroCityHanoiPlacePhoBatDan.imageset, HeroCityHanoiPlaceQuanThanhTemple.imageset, HeroCityHanoiPlaceStJosephCathedral.imageset, HeroCityHanoiPlaceTaHien.imageset, HeroCityHanoiPlaceTamVi.imageset, HeroCityHanoiPlaceTayHo.imageset, HeroCityHanoiPlaceTempleLiterature.imageset, HeroCityHanoiPlaceTrainStreet.imageset, HeroCityHanoiPlaceTranQuocPagoda.imageset, HeroCityHanoiPlaceTrucBachLake.imageset, HeroCityHanoiPlaceWaterPuppetTheatre.imageset, HeroCityHanoiPlaceWestLake.imageset, HeroCityHcmc.imageset, HeroCityHcmcPlaceAnanSaigon.imageset, HeroCityHcmcPlaceBachDangWharf.imageset, HeroCityHcmcPlaceBenThanhMarket.imageset, HeroCityHcmcPlaceBinhTayMarket.imageset, HeroCityHcmcPlaceBitexcoTower.imageset, HeroCityHcmcPlaceBuiVienStreet.imageset, HeroCityHcmcPlaceChoLon.imageset, HeroCityHcmcPlaceDistrict1.imageset, HeroCityHcmcPlaceDongKhoiStreet.imageset, HeroCityHcmcPlaceFineArtsMuseum.imageset, HeroCityHcmcPlaceHoThiKyFlowerMarket.imageset, HeroCityHcmcPlaceIndependencePalace.imageset, HeroCityHcmcPlaceJadeEmperorPagoda.imageset, HeroCityHcmcPlaceLandmark81.imageset, HeroCityHcmcPlaceLeThanhTonStreet.imageset, HeroCityHcmcPlaceNguyenHue.imageset, HeroCityHcmcPlaceNguyenTraiStreet.imageset, HeroCityHcmcPlaceNotreDame.imageset, HeroCityHcmcPlaceOperaHouse.imageset, HeroCityHcmcPlacePasteurStreet.imageset, HeroCityHcmcPlacePhamNguLaoStreet.imageset, HeroCityHcmcPlacePhoHoaPasteur.imageset, HeroCityHcmcPlacePostOffice.imageset, HeroCityHcmcPlaceSaigonRiver.imageset, HeroCityHcmcPlaceTanSonNhatAirport.imageset, HeroCityHcmcPlaceTaoDanPark.imageset, HeroCityHcmcPlaceThaoDien.imageset, HeroCityHcmcPlaceTurtleLake.imageset, HeroCityHcmcPlaceWarRemnantsMuseum.imageset, HeroCityHcmcPlaceZooBotanicalGardens.imageset, HeroCityHoian.imageset, HeroCityHoianPlaceAnBang.imageset, HeroCityHoianPlaceAnHoiIsland.imageset, HeroCityHoianPlaceAncientTown.imageset, HeroCityHoianPlaceBanhMiPhuong.imageset, HeroCityHoianPlaceBayMauCoconutForest.imageset, HeroCityHoianPlaceCamChau.imageset, HeroCityHoianPlaceCamNam.imageset, HeroCityHoianPlaceCamThanhCoconutVillage.imageset, HeroCityHoianPlaceCaoLauCity.imageset, HeroCityHoianPlaceChamIslands.imageset, HeroCityHoianPlaceCuaDaiBeach.imageset, HeroCityHoianPlaceFaifoCoffee.imageset, HeroCityHoianPlaceFujianAssemblyHall.imageset, HeroCityHoianPlaceHoaiRiver.imageset, HeroCityHoianPlaceJapaneseBridge.imageset, HeroCityHoianPlaceKimBongCarpentryVillage.imageset, HeroCityHoianPlaceMarket.imageset, HeroCityHoianPlaceMemoriesLand.imageset, HeroCityHoianPlaceMorningGlory.imageset, HeroCityHoianPlaceMySonSanctuary.imageset, HeroCityHoianPlaceNguyenHoangNightMarket.imageset, HeroCityHoianPlaceNightMarket.imageset, HeroCityHoianPlacePreciousHeritageMuseum.imageset, HeroCityHoianPlaceQuanCongTemple.imageset, HeroCityHoianPlaceReachOutTeaHouse.imageset, HeroCityHoianPlaceTanKyOldHouse.imageset, HeroCityHoianPlaceThanhHa.imageset, HeroCityHoianPlaceThuBonRiver.imageset, HeroCityHoianPlaceTraQue.imageset, HeroCityHoianPlaceTranPhuStreet.imageset, HeroCityHue.imageset, HeroCityHuePlaceAnCuuMarket.imageset, HeroCityHuePlaceAnDinhPalace.imageset, HeroCityHuePlaceBaoVinhAncientTown.imageset, HeroCityHuePlaceBunBoCity.imageset, HeroCityHuePlaceDongBa.imageset, HeroCityHuePlaceDongKhanhTomb.imageset, HeroCityHuePlaceGiaLongTomb.imageset, HeroCityHuePlaceHenIsland.imageset, HeroCityHuePlaceHuyenTranTemple.imageset, HeroCityHuePlaceImperialCity.imageset, HeroCityHuePlaceKhaiDinhTomb.imageset, HeroCityHuePlaceLeLoiStreet.imageset, HeroCityHuePlaceLesJardins.imageset, HeroCityHuePlaceMinhMangTomb.imageset, HeroCityHuePlaceNguyenDinhChieuStreet.imageset, HeroCityHuePlaceNightMarket.imageset, HeroCityHuePlacePerfumeRiver.imageset, HeroCityHuePlacePhuBaiAirport.imageset, HeroCityHuePlacePhuCamChurch.imageset, HeroCityHuePlaceRailwayStation.imageset, HeroCityHuePlaceRoyalAntiquitiesMuseum.imageset, HeroCityHuePlaceThanhToanBridge.imageset, HeroCityHuePlaceThienMu.imageset, HeroCityHuePlaceThuyXuanIncenseVillage.imageset, HeroCityHuePlaceTruongTien.imageset, HeroCityHuePlaceTuDucTomb.imageset, HeroCityHuePlaceTuHieuPagoda.imageset, HeroCityHuePlaceVongCanhHill.imageset, HeroCityHuePlaceWalkingStreet.imageset, HeroCompactPhraseMasthead.imageset, HeroCountryVietnam.imageset, HeroDragonBridge.imageset, HeroHanMarket.imageset, HeroLinhUngPagoda.imageset, HeroMarbleMountains.imageset, HeroMyKheBeach.imageset, HeroNguyenVanLinhStreet.imageset, HeroVietnamMasthead.imageset, HeroXinChao.imageset"
statusCounts,"{""SHIPPED_REVIEW_CROP"":154}"
rendererComponent,native-ios/App/Design/NativeGlass.swift::HeroMastheadImage
dragonBridgeReceipt,docs/task-results/TASK-VIET-DRAGON-BRIDGE-HERO-ASSET-001.md
baNaReceipt,docs/task-results/TASK-VIET-BA-NA-HILLS-JOURNEY-PATCH-001.md
