pageID,title,englishTitle,heroImageName,status
viet-family-city-danang-place-banh-canh-yen,Bánh Canh Yến,Banh Canh Yen,HeroCityDanangPlaceBanhCanhYen,missing
viet-family-city-danang-place-bep-hen,Bếp Hên,Bep Hen,HeroCityDanangPlaceBepHen,missing
viet-family-city-danang-place-bun-cha-ca-109,Bún Chả Cá 109,Bun Cha Ca 109,HeroCityDanangPlaceBunChaCa109,missing
viet-family-city-danang-place-bun-rieu-cua-39,Bún Riêu Cua 39,Bun Rieu Cua 39,HeroCityDanangPlaceBunRieuCua39,missing
viet-family-city-danang-place-moc-quan-seafood,MỘC Quán Seafood,MOC Seafood,HeroCityDanangPlaceMocQuanSeafood,missing
viet-family-city-danang-place-my-quang-sua-hong-van,Mỳ Quảng Sứa Hồng Vân,My Quang Sua Hong Van,HeroCityDanangPlaceMyQuangSuaHongVan,missing
viet-family-city-hanoi-place-banh-cuon-ba-hoanh,Bánh Cuốn Bà Hoành,Banh Cuon Ba Hoanh,HeroCityHanoiPlaceBanhCuonBaHoanh,missing
viet-family-city-hanoi-place-banh-cuon-ba-xuan,Bánh Cuốn Bà Xuân,Banh Cuon Ba Xuan,HeroCityHanoiPlaceBanhCuonBaXuan,missing
viet-family-city-hanoi-place-bun-cha-dac-kim,Bún Chả Đắc Kim,Bun Cha Dac Kim,HeroCityHanoiPlaceBunChaDacKim,missing
viet-family-city-hanoi-place-pho-10-ly-quoc-su,Phở 10 Lý Quốc Sư,Pho 10 Ly Quoc Su,HeroCityHanoiPlacePho10LyQuocSu,missing
viet-family-city-hanoi-place-pho-ga-nguyet,Phở Gà Nguyệt,Pho Ga Nguyet,HeroCityHanoiPlacePhoGaNguyet,missing
viet-family-city-hanoi-place-tuyet-bun-cha-34,Tuyết Bún Chả 34,Tuyet Bun Cha 34,HeroCityHanoiPlaceTuyetBunCha34,missing
viet-family-city-hcmc-place-bo-kho-ganh,Bò Kho Gánh,Bo Kho Ganh,HeroCityHcmcPlaceBoKhoGanh,missing
viet-family-city-hcmc-place-bun-bo-hue-14b,Bún Bò Huế 14B,Bun Bo Hue 14B,HeroCityHcmcPlaceBunBoHue14b,missing
viet-family-city-hcmc-place-man-moi,Mặn Mòi,Man Moi,HeroCityHcmcPlaceManMoi,missing
viet-family-city-hcmc-place-pho-huong-binh,Phở Hương Bình,Pho Huong Binh,HeroCityHcmcPlacePhoHuongBinh,missing
viet-family-city-hcmc-place-pho-le-district-5,Phở Lệ,Pho Le District 5,HeroCityHcmcPlacePhoLeDistrict5,missing
viet-family-city-hcmc-place-pho-minh,Phở Minh,Pho Minh,HeroCityHcmcPlacePhoMinh,missing
viet-family-city-hoian-place-cao-lau-thanh,Cao Lầu Thanh,Cao Lau Thanh,HeroCityHoianPlaceCaoLauThanh,missing
viet-family-city-hoian-place-com-ga-ba-buoi,Cơm Gà Bà Buội,Com Ga Ba Buoi,HeroCityHoianPlaceComGaBaBuoi,missing
